name,pos,team,salary,proj_points,lineup_k
Bijan Robinson,RB,ATL,8000,22.473333582083384,4
Puka Nacua,WR,LAR,7600,23.108332748413087,4
Malik Nabers,WR,NYG,7000,22.44897802130381,4
Jaylen Waddle,WR,MIA,5700,12.798041490376944,4
Tyler Allgeier,RB,ATL,5000,24.8253324397405,4
Sam LaPorta,TE,DET,5000,11.936666794220606,4
Zach Wilson,QB,MIA,4300,28.5396661396573,4
Jordan Waters,RB,LAR,4000,27.85000016818444,4
Jaguars,DST,JAX,3200,10.0,4
