name,pos,team,salary,proj_points,lineup_k
Ja'Marr Chase,WR,CIN,8100,16.956411096612612,9
Jahmyr Gibbs,RB,DET,7700,18.09533294359843,9
Josh Jacobs,RB,GB,6700,17.908333092927933,9
Courtland Sutton,WR,DEN,6000,20.475600121816,9
Jaylen Waddle,WR,MIA,5700,12.798041490376942,9
Tyler Allgeier,RB,ATL,5000,24.8253324397405,9
Zach Wilson,QB,MIA,4300,28.5396661396573,9
Bengals,DST,CIN,3600,10.0,9
Eric Saubert,TE,SEA,2500,20.363760948750706,9
