name,pos,team,salary,proj_points,lineup_k
Bijan Robinson,RB,ATL,8000,22.473333582083384,7
Puka Nacua,WR,LAR,7600,23.108332748413087,7
Malik Nabers,WR,NYG,7000,22.44897802130381,7
Courtland Sutton,WR,DEN,6000,20.475600121816,7
Kaleb Johnson,RB,PIT,5300,20.93733353972435,7
Tyler Allgeier,RB,ATL,5000,24.8253324397405,7
Jarrett Stidham,QB,DEN,4300,18.213133558630943,7
Broncos,DST,DEN,3800,10.0,7
Eric Saubert,TE,SEA,2500,20.363760948750706,7
