name,pos,team,salary,proj_points,lineup_k
Bucky Irving,RB,TB,7100,16.673333390553793,18
Josh Jacobs,RB,GB,6700,17.908333092927933,18
Trey McBride,TE,ARI,6200,11.323555489646065,18
Jaylen Waddle,WR,MIA,5700,12.798041490376942,18
Kaleb Johnson,RB,PIT,5300,20.93733353972435,18
Cooper Kupp,WR,SEA,5300,19.05033333381017,18
Tetairoa McMillan,WR,CAR,5200,20.35918877895673,18
Zach Wilson,QB,MIA,4300,28.5396661396573,18
Commanders,DST,WAS,3700,10.0,18
