name,pos,team,salary,proj_points,lineup_k
Ja'Marr Chase,WR,CIN,8100,16.956411096612612,13
Jahmyr Gibbs,RB,DET,7700,18.09533294359843,13
Josh Jacobs,RB,GB,6700,17.908333092927933,13
Jaylen Waddle,WR,MIA,5700,12.798041490376942,13
Marvin Harrison Jr.,WR,ARI,5500,19.275533352163105,13
Kaleb Johnson,RB,PIT,5300,20.93733353972435,13
Zach Wilson,QB,MIA,4300,28.5396661396573,13
Commanders,DST,WAS,3700,10.0,13
Drew Ogletree,TE,IND,2500,18.37764743853372,13
