name,pos,team,salary,proj_points,lineup_k
Nico Collins,WR,HOU,7400,15.74599995772044,18
Bucky Irving,RB,TB,7100,16.673333390553793,18
Josh Jacobs,RB,GB,6700,17.908333092927933,18
Kyler Murray,QB,ARI,6400,16.617599902550378,18
Marvin Harrison Jr.,WR,ARI,5500,19.275533352163105,18
Rhamondre Stevenson,RB,NE,5400,20.415666405359904,18
Cooper Kupp,WR,SEA,5300,19.05033333381017,18
Jaguars,DST,JAX,3200,10.0,18
Drew Ogletree,TE,IND,2500,18.37764743853372,18
