name,pos,team,salary,proj_points,lineup_k
Bijan Robinson,RB,ATL,8000,22.473333582083384,4
Puka Nacua,WR,LAR,7600,23.108332748413087,4
Malik Nabers,WR,NYG,7000,22.44897802130381,4
Bo Nix,QB,DEN,6300,16.25459972302119,4
Courtland Sutton,WR,DEN,6000,20.475600121816,4
Tyler Allgeier,RB,ATL,5000,24.8253324397405,4
Jordan Waters,RB,LAR,4000,27.85000016818444,4
Jaguars,DST,JAX,3200,10.0,4
Eric Saubert,TE,SEA,2500,20.363760948750706,4
