name,pos,team,salary,proj_points,lineup_k
Bijan Robinson,RB,ATL,8000,22.473333582083384,3
Puka Nacua,WR,LAR,7600,23.108332748413087,3
Malik Nabers,WR,NYG,7000,22.44897802130381,3
Kyler Murray,QB,ARI,6400,16.617599902550378,3
Marvin Harrison Jr.,WR,ARI,5500,19.275533352163105,3
Tyler Allgeier,RB,ATL,5000,24.8253324397405,3
Jordan Waters,RB,LAR,4000,27.85000016818444,3
Broncos,DST,DEN,3800,10.0,3
Eric Saubert,TE,SEA,2500,20.363760948750706,3
