name,pos,team,salary,proj_points,lineup_k
Ja'Marr Chase,WR,CIN,8100,16.956411096612612,12
Jahmyr Gibbs,RB,DET,7700,18.09533294359843,12
Josh Jacobs,RB,GB,6700,17.908333092927933,12
Courtland Sutton,WR,DEN,6000,20.475600121816,12
Jaylen Waddle,WR,MIA,5700,12.798041490376944,12
Kaleb Johnson,RB,PIT,5300,20.93733353972435,12
Zach Wilson,QB,MIA,4300,28.5396661396573,12
Commanders,DST,WAS,3700,10.0,12
Eric Saubert,TE,SEA,2500,20.363760948750706,12
