name,pos,team,salary,proj_points,lineup_k
Ja'Marr Chase,WR,CIN,8100,16.956411096612612,10
Jahmyr Gibbs,RB,DET,7700,18.09533294359843,10
Josh Jacobs,RB,GB,6700,17.908333092927933,10
Courtland Sutton,WR,DEN,6000,20.475600121816,10
Jaylen Waddle,WR,MIA,5700,12.798041490376942,10
Tyler Allgeier,RB,ATL,5000,24.8253324397405,10
Zach Wilson,QB,MIA,4300,28.5396661396573,10
Cardinals,DST,ARI,3500,10.0,10
Drew Ogletree,TE,IND,2500,18.37764743853372,10
