name,pos,team,salary,proj_points,lineup_k
Nico Collins,WR,HOU,7400,15.74599995772044,19
Trey McBride,TE,ARI,6200,11.323555489646065,19
C.J. Stroud,QB,HOU,6000,16.536066535313925,19
Rhamondre Stevenson,RB,NE,5400,20.415666405359904,19
Kaleb Johnson,RB,PIT,5300,20.93733353972435,19
Cooper Kupp,WR,SEA,5300,19.05033333381017,19
Tetairoa McMillan,WR,CAR,5200,20.35918877895673,19
Dylan Sampson,RB,CLE,4900,19.342111350175408,19
Broncos,DST,DEN,3800,10.0,19
