name,pos,team,salary,proj_points,lineup_k
Bijan Robinson,RB,ATL,8000,22.473333582083384,8
Puka Nacua,WR,LAR,7600,23.108332748413087,8
Malik Nabers,WR,NYG,7000,22.44897802130381,8
Kyler Murray,QB,ARI,6400,16.617599902550378,8
Marvin Harrison Jr.,WR,ARI,5500,19.275533352163105,8
Tyler Allgeier,RB,ATL,5000,24.8253324397405,8
Jordan Waters,RB,LAR,4000,27.85000016818444,8
Commanders,DST,WAS,3700,10.0,8
Eric Saubert,TE,SEA,2500,20.363760948750706,8
