name,pos,team,salary,proj_points,lineup_k
Ja'Marr Chase,WR,CIN,8100,16.956411096612612,10
Jahmyr Gibbs,RB,DET,7700,18.09533294359843,10
Josh Jacobs,RB,GB,6700,17.908333092927933,10
Courtland Sutton,WR,DEN,6000,20.475600121816,10
Bryce Young,QB,CAR,5700,18.340800069173177,10
Tetairoa McMillan,WR,CAR,5200,20.35918877895673,10
Jordan Waters,RB,LAR,4000,27.85000016818444,10
Bengals,DST,CIN,3600,10.0,10
Drew Ogletree,TE,IND,2500,18.37764743853372,10
