name,pos,team,salary,proj_points,lineup_k
Ja'Marr Chase,WR,CIN,8100,16.956411096612612,16
Jahmyr Gibbs,RB,DET,7700,18.09533294359843,16
Bucky Irving,RB,TB,7100,16.673333390553793,16
Jaylen Waddle,WR,MIA,5700,12.798041490376944,16
Kaleb Johnson,RB,PIT,5300,20.93733353972435,16
Tetairoa McMillan,WR,CAR,5200,20.35918877895673,16
Zach Wilson,QB,MIA,4300,28.5396661396573,16
Bengals,DST,CIN,3600,10.0,16
Drew Ogletree,TE,IND,2500,18.37764743853372,16
