name,pos,team,salary,proj_points,lineup_k
Ja'Marr Chase,WR,CIN,8100,16.956411096612612,15
Jahmyr Gibbs,RB,DET,7700,18.09533294359843,15
Nico Collins,WR,HOU,7400,15.74599995772044,15
Jaylen Waddle,WR,MIA,5700,12.798041490376944,15
Rhamondre Stevenson,RB,NE,5400,20.415666405359904,15
Kaleb Johnson,RB,PIT,5300,20.93733353972435,15
Zach Wilson,QB,MIA,4300,28.5396661396573,15
Steelers,DST,PIT,3300,10.0,15
Drew Ogletree,TE,IND,2500,18.37764743853372,15
