name,pos,team,salary,proj_points,lineup_k
Nico Collins,WR,HOU,7400,15.74599995772044,17
Josh Jacobs,RB,GB,6700,17.908333092927933,17
Bryce Young,QB,CAR,5700,18.340800069173177,17
Rhamondre Stevenson,RB,NE,5400,20.415666405359904,17
Kaleb Johnson,RB,PIT,5300,20.93733353972435,17
Cooper Kupp,WR,SEA,5300,19.05033333381017,17
Tetairoa McMillan,WR,CAR,5200,20.35918877895673,17
Sam LaPorta,TE,DET,5000,11.936666794220606,17
Cardinals,DST,ARI,3500,10.0,17
