name,pos,team,salary,proj_points,lineup_k
Ja'Marr Chase,WR,CIN,8100,16.956411096612612,14
Jahmyr Gibbs,RB,DET,7700,18.09533294359843,14
Kyler Murray,QB,ARI,6400,16.617599902550378,14
Marvin Harrison Jr.,WR,ARI,5500,19.275533352163105,14
Rhamondre Stevenson,RB,NE,5400,20.415666405359904,14
Kaleb Johnson,RB,PIT,5300,20.93733353972435,14
Tetairoa McMillan,WR,CAR,5200,20.35918877895673,14
Broncos,DST,DEN,3800,10.0,14
Drew Ogletree,TE,IND,2500,18.37764743853372,14
