name,pos,team,salary,proj_points,lineup_k
Ja'Marr Chase,WR,CIN,8100,16.956411096612612,9
Jahmyr Gibbs,RB,DET,7700,18.09533294359843,9
Trey McBride,TE,ARI,6200,11.323555489646065,9
Jaylen Waddle,WR,MIA,5700,12.798041490376944,9
Tetairoa McMillan,WR,CAR,5200,20.35918877895673,9
Tyler Allgeier,RB,ATL,5000,24.8253324397405,9
Zach Wilson,QB,MIA,4300,28.5396661396573,9
Jordan Waters,RB,LAR,4000,27.85000016818444,9
Commanders,DST,WAS,3700,10.0,9
