name,pos,team,salary,proj_points,lineup_k
Bijan Robinson,RB,ATL,8000,22.473333582083384,3
Puka Nacua,WR,LAR,7600,23.108332748413087,3
Malik Nabers,WR,NYG,7000,22.44897802130381,3
Courtland Sutton,WR,DEN,6000,20.475600121816,3
Jaylen Waddle,WR,MIA,5700,12.798041490376944,3
Rhamondre Stevenson,RB,NE,5400,20.415666405359904,3
Zach Wilson,QB,MIA,4300,28.5396661396573,3
Cardinals,DST,ARI,3500,10.0,3
Eric Saubert,TE,SEA,2500,20.363760948750706,3
