name,pos,team,salary,proj_points,lineup_k
Ja'Marr Chase,WR,CIN,8100,16.956411096612612,11
Jahmyr Gibbs,RB,DET,7700,18.09533294359843,11
Bucky Irving,RB,TB,7100,16.673333390553793,11
Courtland Sutton,WR,DEN,6000,20.475600121816,11
Jaylen Waddle,WR,MIA,5700,12.798041490376944,11
Kaleb Johnson,RB,PIT,5300,20.93733353972435,11
Zach Wilson,QB,MIA,4300,28.5396661396573,11
Buccaneers,DST,TB,3000,10.0,11
Eric Saubert,TE,SEA,2500,20.363760948750706,11
