name,pos,team,salary,proj_points,lineup_k
Josh Jacobs,RB,GB,6700,17.908333092927933,20
Trey McBride,TE,ARI,6200,11.323555489646065,20
DK Metcalf,WR,PIT,5900,16.917239080641004,20
Bryce Young,QB,CAR,5700,18.340800069173177,20
Marvin Harrison Jr.,WR,ARI,5500,19.275533352163105,20
Rhamondre Stevenson,RB,NE,5400,20.415666405359904,20
Tetairoa McMillan,WR,CAR,5200,20.35918877895673,20
Nick Chubb,RB,HOU,5200,19.009555964205003,20
Broncos,DST,DEN,3800,10.0,20
