name,pos,team,salary,proj_points,lineup_k
Nico Collins,WR,HOU,7400,15.74599995772044,17
Bucky Irving,RB,TB,7100,16.673333390553793,17
Josh Jacobs,RB,GB,6700,17.908333092927933,17
Kyler Murray,QB,ARI,6400,16.617599902550378,17
Marvin Harrison Jr.,WR,ARI,5500,19.275533352163105,17
Kaleb Johnson,RB,PIT,5300,20.93733353972435,17
Tetairoa McMillan,WR,CAR,5200,20.35918877895673,17
Cardinals,DST,ARI,3500,10.0,17
Drew Ogletree,TE,IND,2500,18.37764743853372,17
