name,pos,team,salary,proj_points,lineup_k
Ja'Marr Chase,WR,CIN,8100,16.956411096612612,11
Jahmyr Gibbs,RB,DET,7700,18.09533294359843,11
Trey McBride,TE,ARI,6200,11.323555489646065,11
Courtland Sutton,WR,DEN,6000,20.475600121816,11
Jaylen Waddle,WR,MIA,5700,12.798041490376942,11
Zach Wilson,QB,MIA,4300,28.5396661396573,11
Jermar Jefferson,RB,TEN,4000,18.79600031534831,11
Jordan Waters,RB,LAR,4000,27.85000016818444,11
Bengals,DST,CIN,3600,10.0,11
