name,pos,team,salary,proj_points,lineup_k
Bucky Irving,RB,TB,7100,16.673333390553793,16
Josh Jacobs,RB,GB,6700,17.908333092927933,16
Trey McBride,TE,ARI,6200,11.323555489646065,16
Jaylen Waddle,WR,MIA,5700,12.798041490376942,16
Marvin Harrison Jr.,WR,ARI,5500,19.275533352163105,16
Kaleb Johnson,RB,PIT,5300,20.93733353972435,16
Tetairoa McMillan,WR,CAR,5200,20.35918877895673,16
Zach Wilson,QB,MIA,4300,28.5396661396573,16
Broncos,DST,DEN,3800,10.0,16
