name,pos,team,salary,proj_points,lineup_k
Ja'Marr Chase,WR,CIN,8100,16.956411096612612,13
Jahmyr Gibbs,RB,DET,7700,18.09533294359843,13
Josh Jacobs,RB,GB,6700,17.908333092927933,13
DK Metcalf,WR,PIT,5900,16.917239080641004,13
Bryce Young,QB,CAR,5700,18.340800069173177,13
Kaleb Johnson,RB,PIT,5300,20.93733353972435,13
Tetairoa McMillan,WR,CAR,5200,20.35918877895673,13
Eric Saubert,TE,SEA,2500,20.363760948750706,13
Texans,DST,HOU,2500,10.0,13
