name,pos,team,salary,proj_points,lineup_k
Ja'Marr Chase,WR,CIN,8100,16.956411096612612,8
Bijan Robinson,RB,ATL,8000,22.473333582083384,8
Puka Nacua,WR,LAR,7600,23.108332748413087,8
Malik Nabers,WR,NYG,7000,22.44897802130381,8
Tyler Allgeier,RB,ATL,5000,24.8253324397405,8
Russell Wilson,QB,NYG,5000,17.551932992935182,8
Jordan Waters,RB,LAR,4000,27.85000016818444,8
Colts,DST,IND,2800,10.0,8
Eric Saubert,TE,SEA,2500,20.363760948750706,8
