name,pos,team,salary,proj_points,lineup_k
Bucky Irving,RB,TB,7100,16.673333390553793,20
Kyler Murray,QB,ARI,6400,16.617599902550378,20
Trey McBride,TE,ARI,6200,11.323555489646065,20
DK Metcalf,WR,PIT,5900,16.917239080641004,20
Marvin Harrison Jr.,WR,ARI,5500,19.275533352163105,20
Rhamondre Stevenson,RB,NE,5400,20.415666405359904,20
Tetairoa McMillan,WR,CAR,5200,20.35918877895673,20
Troy Hairston,RB,CLE,4000,20.332666823069253,20
Broncos,DST,DEN,3800,10.0,20
